# VRoid sample VRMs. CC0 set from OpenGameArt (pixiv waived copyright); A/B/C from madjin mirror (pixiv custom terms, not CC0)
chars/hairsample_male.zip	https://opengameart.org/sites/default/files/hairsample_male.zip
chars/hairsample_female.zip	https://opengameart.org/sites/default/files/hairsample_female.zip
chars/sendagaya_shino.zip	https://opengameart.org/sites/default/files/sendagaya_shino.zip
chars/avatarsample_f.zip	https://opengameart.org/sites/default/files/avatarsample_f.zip
chars/avatarsample_d_0.zip	https://opengameart.org/sites/default/files/avatarsample_d_0.zip
chars/avatarsample_d_darkness.zip	https://opengameart.org/sites/default/files/avatarsample_d_darkness.zip
chars/avatarsample_e.zip	https://opengameart.org/sites/default/files/avatarsample_e.zip
chars/avatarsample_g.zip	https://opengameart.org/sites/default/files/avatarsample_g.zip
chars/sakurada_fumiriya.zip	https://opengameart.org/sites/default/files/sakurada_fumiriya.zip
chars/base_male.zip	https://opengameart.org/sites/default/files/base_male.zip
chars/base_female.zip	https://opengameart.org/sites/default/files/base_female.zip
chars/AvatarSample_A.vrm	https://raw.githubusercontent.com/madjin/vrm-samples/master/vroid/stable/AvatarSample_A.vrm
chars/AvatarSample_B.vrm	https://raw.githubusercontent.com/madjin/vrm-samples/master/vroid/stable/AvatarSample_B.vrm
chars/AvatarSample_C.vrm	https://raw.githubusercontent.com/madjin/vrm-samples/master/vroid/stable/AvatarSample_C.vrm
