# Poly Haven CC0 interior furniture, glTF 1k (bin + jpg textures). URLs from https://api.polyhaven.com/files/<id>
furniture/chinese_armchair/chinese_armchair_1k.gltf	https://dl.polyhaven.org/file/ph-assets/Models/gltf/1k/chinese_armchair/chinese_armchair_1k.gltf
furniture/chinese_armchair/textures/chinese_armchair_arm_1k.jpg	https://dl.polyhaven.org/file/ph-assets/Models/jpg/1k/chinese_armchair/chinese_armchair_arm_1k.jpg
furniture/chinese_armchair/textures/chinese_armchair_nor_gl_1k.jpg	https://dl.polyhaven.org/file/ph-assets/Models/jpg/1k/chinese_armchair/chinese_armchair_nor_gl_1k.jpg
furniture/chinese_armchair/chinese_armchair.bin	https://dl.polyhaven.org/file/ph-assets/Models/gltf/8k/chinese_armchair/chinese_armchair.bin
furniture/chinese_armchair/textures/chinese_armchair_diff_1k.jpg	https://dl.polyhaven.org/file/ph-assets/Models/jpg/1k/chinese_armchair/chinese_armchair_diff_1k.jpg
furniture/chinese_tea_table/chinese_tea_table_1k.gltf	https://dl.polyhaven.org/file/ph-assets/Models/gltf/1k/chinese_tea_table/chinese_tea_table_1k.gltf
furniture/chinese_tea_table/textures/chinese_tea_table_arm_1k.jpg	https://dl.polyhaven.org/file/ph-assets/Models/jpg/1k/chinese_tea_table/chinese_tea_table_arm_1k.jpg
furniture/chinese_tea_table/chinese_tea_table.bin	https://dl.polyhaven.org/file/ph-assets/Models/gltf/8k/chinese_tea_table/chinese_tea_table.bin
furniture/chinese_tea_table/textures/chinese_tea_table_nor_gl_1k.jpg	https://dl.polyhaven.org/file/ph-assets/Models/jpg/1k/chinese_tea_table/chinese_tea_table_nor_gl_1k.jpg
furniture/chinese_tea_table/textures/chinese_tea_table_diff_1k.jpg	https://dl.polyhaven.org/file/ph-assets/Models/jpg/1k/chinese_tea_table/chinese_tea_table_diff_1k.jpg
furniture/chinese_stool/chinese_stool_1k.gltf	https://dl.polyhaven.org/file/ph-assets/Models/gltf/1k/chinese_stool/chinese_stool_1k.gltf
furniture/chinese_stool/textures/chinese_stool_diff_1k.jpg	https://dl.polyhaven.org/file/ph-assets/Models/jpg/1k/chinese_stool/chinese_stool_diff_1k.jpg
furniture/chinese_stool/textures/chinese_stool_arm_1k.jpg	https://dl.polyhaven.org/file/ph-assets/Models/jpg/1k/chinese_stool/chinese_stool_arm_1k.jpg
furniture/chinese_stool/chinese_stool.bin	https://dl.polyhaven.org/file/ph-assets/Models/gltf/8k/chinese_stool/chinese_stool.bin
furniture/chinese_stool/textures/chinese_stool_nor_gl_1k.jpg	https://dl.polyhaven.org/file/ph-assets/Models/jpg/1k/chinese_stool/chinese_stool_nor_gl_1k.jpg
furniture/chinese_cabinet/chinese_cabinet_1k.gltf	https://dl.polyhaven.org/file/ph-assets/Models/gltf/1k/chinese_cabinet/chinese_cabinet_1k.gltf
furniture/chinese_cabinet/textures/chinese_cabinet_diff_1k.jpg	https://dl.polyhaven.org/file/ph-assets/Models/jpg/1k/chinese_cabinet/chinese_cabinet_diff_1k.jpg
furniture/chinese_cabinet/textures/chinese_cabinet_nor_gl_1k.jpg	https://dl.polyhaven.org/file/ph-assets/Models/jpg/1k/chinese_cabinet/chinese_cabinet_nor_gl_1k.jpg
furniture/chinese_cabinet/textures/chinese_cabinet_arm_1k.jpg	https://dl.polyhaven.org/file/ph-assets/Models/jpg/1k/chinese_cabinet/chinese_cabinet_arm_1k.jpg
furniture/chinese_cabinet/chinese_cabinet.bin	https://dl.polyhaven.org/file/ph-assets/Models/gltf/8k/chinese_cabinet/chinese_cabinet.bin
furniture/chinese_screen_panels/chinese_screen_panels_1k.gltf	https://dl.polyhaven.org/file/ph-assets/Models/gltf/1k/chinese_screen_panels/chinese_screen_panels_1k.gltf
furniture/chinese_screen_panels/textures/chinese_screen_panels_arm_1k.jpg	https://dl.polyhaven.org/file/ph-assets/Models/jpg/1k/chinese_screen_panels/chinese_screen_panels_arm_1k.jpg
furniture/chinese_screen_panels/textures/chinese_screen_panels_diff_1k.jpg	https://dl.polyhaven.org/file/ph-assets/Models/jpg/1k/chinese_screen_panels/chinese_screen_panels_diff_1k.jpg
furniture/chinese_screen_panels/chinese_screen_panels.bin	https://dl.polyhaven.org/file/ph-assets/Models/gltf/8k/chinese_screen_panels/chinese_screen_panels.bin
furniture/chinese_screen_panels/textures/chinese_screen_panels_nor_gl_1k.jpg	https://dl.polyhaven.org/file/ph-assets/Models/jpg/1k/chinese_screen_panels/chinese_screen_panels_nor_gl_1k.jpg
furniture/chinese_chandelier/chinese_chandelier_1k.gltf	https://dl.polyhaven.org/file/ph-assets/Models/gltf/1k/chinese_chandelier/chinese_chandelier_1k.gltf
furniture/chinese_chandelier/textures/chinese_chandelier_arm_1k.jpg	https://dl.polyhaven.org/file/ph-assets/Models/jpg/1k/chinese_chandelier/chinese_chandelier_arm_1k.jpg
furniture/chinese_chandelier/chinese_chandelier.bin	https://dl.polyhaven.org/file/ph-assets/Models/gltf/8k/chinese_chandelier/chinese_chandelier.bin
furniture/chinese_chandelier/textures/chinese_chandelier_nor_gl_1k.jpg	https://dl.polyhaven.org/file/ph-assets/Models/jpg/1k/chinese_chandelier/chinese_chandelier_nor_gl_1k.jpg
furniture/chinese_chandelier/textures/chinese_chandelier_diff_1k.jpg	https://dl.polyhaven.org/file/ph-assets/Models/jpg/1k/chinese_chandelier/chinese_chandelier_diff_1k.jpg
furniture/chinese_commode/chinese_commode_1k.gltf	https://dl.polyhaven.org/file/ph-assets/Models/gltf/1k/chinese_commode/chinese_commode_1k.gltf
furniture/chinese_commode/textures/chinese_commode_diff_1k.jpg	https://dl.polyhaven.org/file/ph-assets/Models/jpg/1k/chinese_commode/chinese_commode_diff_1k.jpg
furniture/chinese_commode/textures/chinese_commode_nor_gl_1k.jpg	https://dl.polyhaven.org/file/ph-assets/Models/jpg/1k/chinese_commode/chinese_commode_nor_gl_1k.jpg
furniture/chinese_commode/chinese_commode.bin	https://dl.polyhaven.org/file/ph-assets/Models/gltf/8k/chinese_commode/chinese_commode.bin
furniture/chinese_commode/textures/chinese_commode_arm_1k.jpg	https://dl.polyhaven.org/file/ph-assets/Models/jpg/1k/chinese_commode/chinese_commode_arm_1k.jpg
furniture/chinese_console_table/chinese_console_table_1k.gltf	https://dl.polyhaven.org/file/ph-assets/Models/gltf/1k/chinese_console_table/chinese_console_table_1k.gltf
furniture/chinese_console_table/textures/chinese_console_table_arm_1k.jpg	https://dl.polyhaven.org/file/ph-assets/Models/jpg/1k/chinese_console_table/chinese_console_table_arm_1k.jpg
furniture/chinese_console_table/textures/chinese_console_table_diff_1k.jpg	https://dl.polyhaven.org/file/ph-assets/Models/jpg/1k/chinese_console_table/chinese_console_table_diff_1k.jpg
furniture/chinese_console_table/textures/chinese_console_table_nor_gl_1k.jpg	https://dl.polyhaven.org/file/ph-assets/Models/jpg/1k/chinese_console_table/chinese_console_table_nor_gl_1k.jpg
furniture/chinese_console_table/chinese_console_table.bin	https://dl.polyhaven.org/file/ph-assets/Models/gltf/8k/chinese_console_table/chinese_console_table.bin
furniture/chinese_sofa/chinese_sofa_1k.gltf	https://dl.polyhaven.org/file/ph-assets/Models/gltf/1k/chinese_sofa/chinese_sofa_1k.gltf
furniture/chinese_sofa/textures/chinese_sofa_diff_1k.jpg	https://dl.polyhaven.org/file/ph-assets/Models/jpg/1k/chinese_sofa/chinese_sofa_diff_1k.jpg
furniture/chinese_sofa/textures/chinese_sofa_arm_1k.jpg	https://dl.polyhaven.org/file/ph-assets/Models/jpg/1k/chinese_sofa/chinese_sofa_arm_1k.jpg
furniture/chinese_sofa/chinese_sofa.bin	https://dl.polyhaven.org/file/ph-assets/Models/gltf/8k/chinese_sofa/chinese_sofa.bin
furniture/chinese_sofa/textures/chinese_sofa_nor_gl_1k.jpg	https://dl.polyhaven.org/file/ph-assets/Models/jpg/1k/chinese_sofa/chinese_sofa_nor_gl_1k.jpg
furniture/antique_ceramic_vase_01/antique_ceramic_vase_01_1k.gltf	https://dl.polyhaven.org/file/ph-assets/Models/gltf/1k/antique_ceramic_vase_01/antique_ceramic_vase_01_1k.gltf
furniture/antique_ceramic_vase_01/textures/antique_ceramic_vase_01_nor_gl_1k.jpg	https://dl.polyhaven.org/file/ph-assets/Models/jpg/1k/antique_ceramic_vase_01/antique_ceramic_vase_01_nor_gl_1k.jpg
furniture/antique_ceramic_vase_01/antique_ceramic_vase_01.bin	https://dl.polyhaven.org/file/ph-assets/Models/gltf/8k/antique_ceramic_vase_01/antique_ceramic_vase_01.bin
furniture/antique_ceramic_vase_01/textures/antique_ceramic_vase_01_diff_1k.jpg	https://dl.polyhaven.org/file/ph-assets/Models/jpg/1k/antique_ceramic_vase_01/antique_ceramic_vase_01_diff_1k.jpg
furniture/antique_ceramic_vase_01/textures/antique_ceramic_vase_01_arm_1k.jpg	https://dl.polyhaven.org/file/ph-assets/Models/jpg/1k/antique_ceramic_vase_01/antique_ceramic_vase_01_arm_1k.jpg
furniture/ceramic_vase_02/ceramic_vase_02_1k.gltf	https://dl.polyhaven.org/file/ph-assets/Models/gltf/1k/ceramic_vase_02/ceramic_vase_02_1k.gltf
furniture/ceramic_vase_02/textures/ceramic_vase_02_nor_gl_1k.jpg	https://dl.polyhaven.org/file/ph-assets/Models/jpg/1k/ceramic_vase_02/ceramic_vase_02_nor_gl_1k.jpg
furniture/ceramic_vase_02/textures/ceramic_vase_02_diff_1k.jpg	https://dl.polyhaven.org/file/ph-assets/Models/jpg/1k/ceramic_vase_02/ceramic_vase_02_diff_1k.jpg
furniture/ceramic_vase_02/ceramic_vase_02.bin	https://dl.polyhaven.org/file/ph-assets/Models/gltf/8k/ceramic_vase_02/ceramic_vase_02.bin
furniture/ceramic_vase_02/textures/ceramic_vase_02_rough_1k.jpg	https://dl.polyhaven.org/file/ph-assets/Models/jpg/1k/ceramic_vase_02/ceramic_vase_02_rough_1k.jpg
furniture/wooden_display_shelves_01/wooden_display_shelves_01_1k.gltf	https://dl.polyhaven.org/file/ph-assets/Models/gltf/1k/wooden_display_shelves_01/wooden_display_shelves_01_1k.gltf
furniture/wooden_display_shelves_01/textures/wooden_display_shelves_01_arm_1k.jpg	https://dl.polyhaven.org/file/ph-assets/Models/jpg/1k/wooden_display_shelves_01/wooden_display_shelves_01_arm_1k.jpg
furniture/wooden_display_shelves_01/textures/wooden_display_shelves_01_nor_gl_1k.jpg	https://dl.polyhaven.org/file/ph-assets/Models/jpg/1k/wooden_display_shelves_01/wooden_display_shelves_01_nor_gl_1k.jpg
furniture/wooden_display_shelves_01/wooden_display_shelves_01.bin	https://dl.polyhaven.org/file/ph-assets/Models/gltf/8k/wooden_display_shelves_01/wooden_display_shelves_01.bin
furniture/wooden_display_shelves_01/textures/wooden_display_shelves_01_diff_1k.jpg	https://dl.polyhaven.org/file/ph-assets/Models/jpg/1k/wooden_display_shelves_01/wooden_display_shelves_01_diff_1k.jpg
furniture/steel_frame_shelves_01/steel_frame_shelves_01_1k.gltf	https://dl.polyhaven.org/file/ph-assets/Models/gltf/1k/steel_frame_shelves_01/steel_frame_shelves_01_1k.gltf
furniture/steel_frame_shelves_01/textures/steel_frame_shelves_01_diff_1k.jpg	https://dl.polyhaven.org/file/ph-assets/Models/jpg/1k/steel_frame_shelves_01/steel_frame_shelves_01_diff_1k.jpg
furniture/steel_frame_shelves_01/textures/steel_frame_shelves_01_nor_gl_1k.jpg	https://dl.polyhaven.org/file/ph-assets/Models/jpg/1k/steel_frame_shelves_01/steel_frame_shelves_01_nor_gl_1k.jpg
furniture/steel_frame_shelves_01/textures/steel_frame_shelves_01_arm_1k.jpg	https://dl.polyhaven.org/file/ph-assets/Models/jpg/1k/steel_frame_shelves_01/steel_frame_shelves_01_arm_1k.jpg
furniture/steel_frame_shelves_01/steel_frame_shelves_01.bin	https://dl.polyhaven.org/file/ph-assets/Models/gltf/8k/steel_frame_shelves_01/steel_frame_shelves_01.bin
furniture/metal_office_desk/metal_office_desk_1k.gltf	https://dl.polyhaven.org/file/ph-assets/Models/gltf/1k/metal_office_desk/metal_office_desk_1k.gltf
furniture/metal_office_desk/textures/metal_office_desk_nor_gl_1k.jpg	https://dl.polyhaven.org/file/ph-assets/Models/jpg/1k/metal_office_desk/metal_office_desk_nor_gl_1k.jpg
furniture/metal_office_desk/textures/metal_office_desk_diff_1k.jpg	https://dl.polyhaven.org/file/ph-assets/Models/jpg/1k/metal_office_desk/metal_office_desk_diff_1k.jpg
furniture/metal_office_desk/textures/metal_office_desk_arm_1k.jpg	https://dl.polyhaven.org/file/ph-assets/Models/jpg/1k/metal_office_desk/metal_office_desk_arm_1k.jpg
furniture/metal_office_desk/metal_office_desk.bin	https://dl.polyhaven.org/file/ph-assets/Models/gltf/8k/metal_office_desk/metal_office_desk.bin
furniture/modern_arm_chair_01/modern_arm_chair_01_1k.gltf	https://dl.polyhaven.org/file/ph-assets/Models/gltf/1k/modern_arm_chair_01/modern_arm_chair_01_1k.gltf
furniture/modern_arm_chair_01/textures/modern_arm_chair_01_pillow_nor_gl_1k.jpg	https://dl.polyhaven.org/file/ph-assets/Models/jpg/1k/modern_arm_chair_01/modern_arm_chair_01_pillow_nor_gl_1k.jpg
furniture/modern_arm_chair_01/textures/modern_arm_chair_01_legs_nor_gl_1k.jpg	https://dl.polyhaven.org/file/ph-assets/Models/jpg/1k/modern_arm_chair_01/modern_arm_chair_01_legs_nor_gl_1k.jpg
furniture/modern_arm_chair_01/textures/modern_arm_chair_01_pillow_arm_1k.jpg	https://dl.polyhaven.org/file/ph-assets/Models/jpg/1k/modern_arm_chair_01/modern_arm_chair_01_pillow_arm_1k.jpg
furniture/modern_arm_chair_01/textures/modern_arm_chair_01_legs_diff_1k.jpg	https://dl.polyhaven.org/file/ph-assets/Models/jpg/1k/modern_arm_chair_01/modern_arm_chair_01_legs_diff_1k.jpg
furniture/modern_arm_chair_01/textures/modern_arm_chair_01_legs_arm_1k.jpg	https://dl.polyhaven.org/file/ph-assets/Models/jpg/1k/modern_arm_chair_01/modern_arm_chair_01_legs_arm_1k.jpg
furniture/modern_arm_chair_01/modern_arm_chair_01.bin	https://dl.polyhaven.org/file/ph-assets/Models/gltf/8k/modern_arm_chair_01/modern_arm_chair_01.bin
furniture/modern_arm_chair_01/textures/modern_arm_chair_01_pillow_diff_1k.jpg	https://dl.polyhaven.org/file/ph-assets/Models/jpg/1k/modern_arm_chair_01/modern_arm_chair_01_pillow_diff_1k.jpg
furniture/potted_plant_04/potted_plant_04_1k.gltf	https://dl.polyhaven.org/file/ph-assets/Models/gltf/1k/potted_plant_04/potted_plant_04_1k.gltf
furniture/potted_plant_04/potted_plant_04.bin	https://dl.polyhaven.org/file/ph-assets/Models/gltf/8k/potted_plant_04/potted_plant_04.bin
furniture/potted_plant_04/textures/potted_plant_04_nor_gl_1k.jpg	https://dl.polyhaven.org/file/ph-assets/Models/jpg/1k/potted_plant_04/potted_plant_04_nor_gl_1k.jpg
furniture/potted_plant_04/textures/potted_plant_04_arm_1k.jpg	https://dl.polyhaven.org/file/ph-assets/Models/jpg/1k/potted_plant_04/potted_plant_04_arm_1k.jpg
furniture/potted_plant_04/textures/potted_plant_04_diff_1k.jpg	https://dl.polyhaven.org/file/ph-assets/Models/jpg/1k/potted_plant_04/potted_plant_04_diff_1k.jpg
furniture/wooden_crate_02/wooden_crate_02_1k.gltf	https://dl.polyhaven.org/file/ph-assets/Models/gltf/1k/wooden_crate_02/wooden_crate_02_1k.gltf
furniture/wooden_crate_02/textures/wooden_crate_02_diff_1k.jpg	https://dl.polyhaven.org/file/ph-assets/Models/jpg/1k/wooden_crate_02/wooden_crate_02_diff_1k.jpg
furniture/wooden_crate_02/textures/wooden_crate_02_arm_1k.jpg	https://dl.polyhaven.org/file/ph-assets/Models/jpg/1k/wooden_crate_02/wooden_crate_02_arm_1k.jpg
furniture/wooden_crate_02/wooden_crate_02.bin	https://dl.polyhaven.org/file/ph-assets/Models/gltf/8k/wooden_crate_02/wooden_crate_02.bin
furniture/wooden_crate_02/textures/wooden_crate_02_nor_gl_1k.jpg	https://dl.polyhaven.org/file/ph-assets/Models/jpg/1k/wooden_crate_02/wooden_crate_02_nor_gl_1k.jpg
furniture/round_wooden_table_02/round_wooden_table_02_1k.gltf	https://dl.polyhaven.org/file/ph-assets/Models/gltf/1k/round_wooden_table_02/round_wooden_table_02_1k.gltf
furniture/round_wooden_table_02/textures/round_wooden_table_02_nor_gl_1k.jpg	https://dl.polyhaven.org/file/ph-assets/Models/jpg/1k/round_wooden_table_02/round_wooden_table_02_nor_gl_1k.jpg
furniture/round_wooden_table_02/textures/round_wooden_table_02_diff_1k.jpg	https://dl.polyhaven.org/file/ph-assets/Models/jpg/1k/round_wooden_table_02/round_wooden_table_02_diff_1k.jpg
furniture/round_wooden_table_02/textures/round_wooden_table_02_arm_1k.jpg	https://dl.polyhaven.org/file/ph-assets/Models/jpg/1k/round_wooden_table_02/round_wooden_table_02_arm_1k.jpg
furniture/round_wooden_table_02/round_wooden_table_02.bin	https://dl.polyhaven.org/file/ph-assets/Models/gltf/4k/round_wooden_table_02/round_wooden_table_02.bin
furniture/wooden_bookshelf_worn/wooden_bookshelf_worn_1k.gltf	https://dl.polyhaven.org/file/ph-assets/Models/gltf/1k/wooden_bookshelf_worn/wooden_bookshelf_worn_1k.gltf
furniture/wooden_bookshelf_worn/textures/wooden_bookshelf_worn_nor_gl_1k.jpg	https://dl.polyhaven.org/file/ph-assets/Models/jpg/1k/wooden_bookshelf_worn/wooden_bookshelf_worn_nor_gl_1k.jpg
furniture/wooden_bookshelf_worn/wooden_bookshelf_worn.bin	https://dl.polyhaven.org/file/ph-assets/Models/gltf/4k/wooden_bookshelf_worn/wooden_bookshelf_worn.bin
furniture/wooden_bookshelf_worn/textures/wooden_bookshelf_worn_arm_1k.jpg	https://dl.polyhaven.org/file/ph-assets/Models/jpg/1k/wooden_bookshelf_worn/wooden_bookshelf_worn_arm_1k.jpg
furniture/wooden_bookshelf_worn/textures/wooden_bookshelf_worn_diff_1k.jpg	https://dl.polyhaven.org/file/ph-assets/Models/jpg/1k/wooden_bookshelf_worn/wooden_bookshelf_worn_diff_1k.jpg
