# Poly Haven CC0 interior surfaces (diff / nor_gl / arm, 1k): room floors, plaster walls, dark wood (beams, furniture)
tex/ph/dark_wooden_planks/dark_wooden_planks_Diffuse_1k.jpg	https://dl.polyhaven.org/file/ph-assets/Textures/jpg/1k/dark_wooden_planks/dark_wooden_planks_diff_1k.jpg
tex/ph/dark_wooden_planks/dark_wooden_planks_nor_gl_1k.jpg	https://dl.polyhaven.org/file/ph-assets/Textures/jpg/1k/dark_wooden_planks/dark_wooden_planks_nor_gl_1k.jpg
tex/ph/dark_wooden_planks/dark_wooden_planks_arm_1k.jpg	https://dl.polyhaven.org/file/ph-assets/Textures/jpg/1k/dark_wooden_planks/dark_wooden_planks_arm_1k.jpg
tex/ph/beige_wall_001/beige_wall_001_Diffuse_1k.jpg	https://dl.polyhaven.org/file/ph-assets/Textures/jpg/1k/beige_wall_001/beige_wall_001_diff_1k.jpg
tex/ph/beige_wall_001/beige_wall_001_nor_gl_1k.jpg	https://dl.polyhaven.org/file/ph-assets/Textures/jpg/1k/beige_wall_001/beige_wall_001_nor_gl_1k.jpg
tex/ph/beige_wall_001/beige_wall_001_arm_1k.jpg	https://dl.polyhaven.org/file/ph-assets/Textures/jpg/1k/beige_wall_001/beige_wall_001_arm_1k.jpg
tex/ph/dark_wood/dark_wood_Diffuse_1k.jpg	https://dl.polyhaven.org/file/ph-assets/Textures/jpg/1k/dark_wood/dark_wood_diff_1k.jpg
tex/ph/dark_wood/dark_wood_nor_gl_1k.jpg	https://dl.polyhaven.org/file/ph-assets/Textures/jpg/1k/dark_wood/dark_wood_nor_gl_1k.jpg
tex/ph/dark_wood/dark_wood_arm_1k.jpg	https://dl.polyhaven.org/file/ph-assets/Textures/jpg/1k/dark_wood/dark_wood_arm_1k.jpg
