# Poly Haven CC0 street props, glTF 1k (bin + jpg textures)
props/fire_hydrant/fire_hydrant_1k.gltf	https://dl.polyhaven.org/file/ph-assets/Models/gltf/1k/fire_hydrant/fire_hydrant_1k.gltf
props/fire_hydrant/fire_hydrant.bin	https://dl.polyhaven.org/file/ph-assets/Models/gltf/8k/fire_hydrant/fire_hydrant.bin
props/fire_hydrant/textures/fire_hydrant_nor_gl_1k.jpg	https://dl.polyhaven.org/file/ph-assets/Models/jpg/1k/fire_hydrant/fire_hydrant_nor_gl_1k.jpg
props/fire_hydrant/textures/fire_hydrant_aged_diff_1k.jpg	https://dl.polyhaven.org/file/ph-assets/Models/jpg/1k/fire_hydrant/fire_hydrant_aged_diff_1k.jpg
props/fire_hydrant/textures/fire_hydrant_aged_arm_1k.jpg	https://dl.polyhaven.org/file/ph-assets/Models/jpg/1k/fire_hydrant/fire_hydrant_aged_arm_1k.jpg
props/fire_hydrant/textures/fire_hydrant_aged_nor_gl_1k.jpg	https://dl.polyhaven.org/file/ph-assets/Models/jpg/1k/fire_hydrant/fire_hydrant_aged_nor_gl_1k.jpg
props/fire_hydrant/textures/fire_hydrant_diff_1k.jpg	https://dl.polyhaven.org/file/ph-assets/Models/jpg/1k/fire_hydrant/fire_hydrant_diff_1k.jpg
props/fire_hydrant/textures/fire_hydrant_arm_1k.jpg	https://dl.polyhaven.org/file/ph-assets/Models/jpg/1k/fire_hydrant/fire_hydrant_arm_1k.jpg
props/metal_trash_can/metal_trash_can_1k.gltf	https://dl.polyhaven.org/file/ph-assets/Models/gltf/1k/metal_trash_can/metal_trash_can_1k.gltf
props/metal_trash_can/textures/metal_trash_can_diff_1k.jpg	https://dl.polyhaven.org/file/ph-assets/Models/jpg/1k/metal_trash_can/metal_trash_can_diff_1k.jpg
props/metal_trash_can/textures/metal_trash_can_rust_diff_1k.jpg	https://dl.polyhaven.org/file/ph-assets/Models/jpg/1k/metal_trash_can/metal_trash_can_rust_diff_1k.jpg
props/metal_trash_can/textures/metal_trash_can_arm_1k.jpg	https://dl.polyhaven.org/file/ph-assets/Models/jpg/1k/metal_trash_can/metal_trash_can_arm_1k.jpg
props/metal_trash_can/textures/metal_trash_can_rust_nor_gl_1k.jpg	https://dl.polyhaven.org/file/ph-assets/Models/jpg/1k/metal_trash_can/metal_trash_can_rust_nor_gl_1k.jpg
props/metal_trash_can/textures/metal_trash_can_nor_gl_1k.jpg	https://dl.polyhaven.org/file/ph-assets/Models/jpg/1k/metal_trash_can/metal_trash_can_nor_gl_1k.jpg
props/metal_trash_can/metal_trash_can.bin	https://dl.polyhaven.org/file/ph-assets/Models/gltf/8k/metal_trash_can/metal_trash_can.bin
props/metal_trash_can/textures/metal_trash_can_rust_arm_1k.jpg	https://dl.polyhaven.org/file/ph-assets/Models/jpg/1k/metal_trash_can/metal_trash_can_rust_arm_1k.jpg
props/modular_street_seating/modular_street_seating_1k.gltf	https://dl.polyhaven.org/file/ph-assets/Models/gltf/1k/modular_street_seating/modular_street_seating_1k.gltf
props/modular_street_seating/textures/modular_street_seating_supports_diff_1k.jpg	https://dl.polyhaven.org/file/ph-assets/Models/jpg/1k/modular_street_seating/modular_street_seating_supports_diff_1k.jpg
props/modular_street_seating/textures/modular_street_seating_armrests_nor_gl_1k.jpg	https://dl.polyhaven.org/file/ph-assets/Models/jpg/1k/modular_street_seating/modular_street_seating_armrests_nor_gl_1k.jpg
props/modular_street_seating/textures/modular_street_seating_timber_arm_1k.jpg	https://dl.polyhaven.org/file/ph-assets/Models/jpg/1k/modular_street_seating/modular_street_seating_timber_arm_1k.jpg
props/modular_street_seating/textures/modular_street_seating_supports_nor_gl_1k.jpg	https://dl.polyhaven.org/file/ph-assets/Models/jpg/1k/modular_street_seating/modular_street_seating_supports_nor_gl_1k.jpg
props/modular_street_seating/textures/modular_street_seating_timber_diff_1k.jpg	https://dl.polyhaven.org/file/ph-assets/Models/jpg/1k/modular_street_seating/modular_street_seating_timber_diff_1k.jpg
props/modular_street_seating/textures/modular_street_seating_connectors_nor_gl_1k.jpg	https://dl.polyhaven.org/file/ph-assets/Models/jpg/1k/modular_street_seating/modular_street_seating_connectors_nor_gl_1k.jpg
props/modular_street_seating/textures/modular_street_seating_armrests_diff_1k.jpg	https://dl.polyhaven.org/file/ph-assets/Models/jpg/1k/modular_street_seating/modular_street_seating_armrests_diff_1k.jpg
props/modular_street_seating/textures/modular_street_seating_supports_arm_1k.jpg	https://dl.polyhaven.org/file/ph-assets/Models/jpg/1k/modular_street_seating/modular_street_seating_supports_arm_1k.jpg
props/modular_street_seating/textures/modular_street_seating_connectors_diff_1k.jpg	https://dl.polyhaven.org/file/ph-assets/Models/jpg/1k/modular_street_seating/modular_street_seating_connectors_diff_1k.jpg
props/modular_street_seating/textures/modular_street_seating_armrests_arm_1k.jpg	https://dl.polyhaven.org/file/ph-assets/Models/jpg/1k/modular_street_seating/modular_street_seating_armrests_arm_1k.jpg
props/modular_street_seating/textures/modular_street_seating_timber_nor_gl_1k.jpg	https://dl.polyhaven.org/file/ph-assets/Models/jpg/1k/modular_street_seating/modular_street_seating_timber_nor_gl_1k.jpg
props/modular_street_seating/textures/modular_street_seating_connectors_arm_1k.jpg	https://dl.polyhaven.org/file/ph-assets/Models/jpg/1k/modular_street_seating/modular_street_seating_connectors_arm_1k.jpg
props/modular_street_seating/modular_street_seating.bin	https://dl.polyhaven.org/file/ph-assets/Models/gltf/4k/modular_street_seating/modular_street_seating.bin
props/concrete_road_barrier/concrete_road_barrier_1k.gltf	https://dl.polyhaven.org/file/ph-assets/Models/gltf/1k/concrete_road_barrier/concrete_road_barrier_1k.gltf
props/concrete_road_barrier/textures/concrete_road_barrier_nor_gl_1k.jpg	https://dl.polyhaven.org/file/ph-assets/Models/jpg/1k/concrete_road_barrier/concrete_road_barrier_nor_gl_1k.jpg
props/concrete_road_barrier/textures/concrete_road_barrier_arm_1k.jpg	https://dl.polyhaven.org/file/ph-assets/Models/jpg/1k/concrete_road_barrier/concrete_road_barrier_arm_1k.jpg
props/concrete_road_barrier/textures/concrete_road_barrier_diff_1k.jpg	https://dl.polyhaven.org/file/ph-assets/Models/jpg/1k/concrete_road_barrier/concrete_road_barrier_diff_1k.jpg
props/concrete_road_barrier/concrete_road_barrier.bin	https://dl.polyhaven.org/file/ph-assets/Models/gltf/8k/concrete_road_barrier/concrete_road_barrier.bin
props/modular_electricity_poles/modular_electricity_poles_1k.gltf	https://dl.polyhaven.org/file/ph-assets/Models/gltf/1k/modular_electricity_poles/modular_electricity_poles_1k.gltf
props/modular_electricity_poles/textures/modular_electricity_poles_pieces_diff_1k.jpg	https://dl.polyhaven.org/file/ph-assets/Models/jpg/1k/modular_electricity_poles/modular_electricity_poles_pieces_diff_1k.jpg
props/modular_electricity_poles/modular_electricity_poles.bin	https://dl.polyhaven.org/file/ph-assets/Models/gltf/8k/modular_electricity_poles/modular_electricity_poles.bin
props/modular_electricity_poles/textures/modular_electricity_poles_pieces_arm_1k.jpg	https://dl.polyhaven.org/file/ph-assets/Models/jpg/1k/modular_electricity_poles/modular_electricity_poles_pieces_arm_1k.jpg
props/modular_electricity_poles/textures/modular_electricity_poles_pieces_nor_gl_1k.jpg	https://dl.polyhaven.org/file/ph-assets/Models/jpg/1k/modular_electricity_poles/modular_electricity_poles_pieces_nor_gl_1k.jpg
props/modular_electricity_poles/textures/modular_electricity_poles_arm_1k.jpg	https://dl.polyhaven.org/file/ph-assets/Models/jpg/1k/modular_electricity_poles/modular_electricity_poles_arm_1k.jpg
props/modular_electricity_poles/textures/modular_electricity_poles_diff_1k.jpg	https://dl.polyhaven.org/file/ph-assets/Models/jpg/1k/modular_electricity_poles/modular_electricity_poles_diff_1k.jpg
props/modular_electricity_poles/textures/modular_electricity_poles_nor_gl_1k.jpg	https://dl.polyhaven.org/file/ph-assets/Models/jpg/1k/modular_electricity_poles/modular_electricity_poles_nor_gl_1k.jpg
props/water_manhole_cover/water_manhole_cover_1k.gltf	https://dl.polyhaven.org/file/ph-assets/Models/gltf/1k/water_manhole_cover/water_manhole_cover_1k.gltf
props/water_manhole_cover/textures/water_manhole_cover_arm_1k.jpg	https://dl.polyhaven.org/file/ph-assets/Models/jpg/1k/water_manhole_cover/water_manhole_cover_arm_1k.jpg
props/water_manhole_cover/textures/water_manhole_cover_nor_gl_1k.jpg	https://dl.polyhaven.org/file/ph-assets/Models/jpg/1k/water_manhole_cover/water_manhole_cover_nor_gl_1k.jpg
props/water_manhole_cover/textures/water_manhole_cover_diff_1k.jpg	https://dl.polyhaven.org/file/ph-assets/Models/jpg/1k/water_manhole_cover/water_manhole_cover_diff_1k.jpg
props/water_manhole_cover/water_manhole_cover.bin	https://dl.polyhaven.org/file/ph-assets/Models/gltf/4k/water_manhole_cover/water_manhole_cover.bin
